<?xml version="1.0" encoding="utf-8"?>
<ApplicationInstallerManifest>
   <DefaultInstallationDirectory>/Applications/ETRemoveArtifacts/</DefaultInstallationDirectory>
   <ApplicationName>ETRemoveArtifacts</ApplicationName>
   <ExecutableName>application/ETRemoveArtifacts.exe</ExecutableName>
   <GUID>04d0a559-7ebe-4543-ab22-228b8e12876b</GUID>
   <ApplicationIcon>default_icon_48.png</ApplicationIcon>
   <Logo>default_logo.png</Logo>
   <Version>1.0</Version>
   <InstallationNotes>In the following directions, replace MR/v99 by the directory on the target machine where MATLAB is installed, or MR by the directory where the MATLAB Runtime is installed.

If the environment variable DYLD_LIBRARY_PATH is undefined, set it to the following string:

MR/v99/runtime/maci64:MR/v99/sys/os/maci64:MR/v99/bin/maci64

If it is defined, set it to the following:

${DYLD_LIBRARY_PATH}:MR/v99/runtime/maci64:MR/v99/sys/os/maci64:MR/v99/bin/maci64
</InstallationNotes>
   <Summary>Remove blinks and other artifacts from pupil data</Summary>
   <WelcomePanelText>ETRemoveArtifacts 1.0
Remove blinks and other artifacts from pupil data

For documentation of ETRemoveArtifacts, please visit: https://github.com/EmotionCognitionLab/ET-remove-artifacts

Ringo Huang
ringohhuang@g.ucla.edu</WelcomePanelText>
   <MCRProducts>
      <MCRProduct>
         <ExternalProductIdentifier>35000</ExternalProductIdentifier>
      </MCRProduct>
      <MCRProduct>
         <ExternalProductIdentifier>35010</ExternalProductIdentifier>
      </MCRProduct>
      <MCRProduct>
         <ExternalProductIdentifier>35108</ExternalProductIdentifier>
      </MCRProduct>
   </MCRProducts>
</ApplicationInstallerManifest>